[
  {"code": "af", "name": "Afghanistan", "continent": "asia"},
  {"code": "al", "name": "Albania", "continent": "europe"},
  {"code": "dz", "name": "Algeria", "continent": "africa"},
  {"code": "ad", "name": "Andorra", "continent": "europe"},
  {"code": "ao", "name": "Angola", "continent": "africa"},
  {"code": "ag", "name": "Antigua and Barbuda", "continent": "north-america"},
  {"code": "ar", "name": "Argentina", "continent": "south-america"},
  {"code": "am", "name": "Armenia", "continent": "asia"},
  {"code": "au", "name": "Australia", "continent": "oceania"},
  {"code": "at", "name": "Austria", "continent": "europe"},
  {"code": "az", "name": "Azerbaijan", "continent": "asia"},
  {"code": "bs", "name": "Bahamas", "continent": "north-america"},
  {"code": "bh", "name": "Bahrain", "continent": "asia"},
  {"code": "bd", "name": "Bangladesh", "continent": "asia"},
  {"code": "bb", "name": "Barbados", "continent": "north-america"},
  {"code": "by", "name": "Belarus", "continent": "europe"},
  {"code": "be", "name": "Belgium", "continent": "europe"},
  {"code": "bz", "name": "Belize", "continent": "north-america"},
  {"code": "bj", "name": "Benin", "continent": "africa"},
  {"code": "bt", "name": "Bhutan", "continent": "asia"},
  {"code": "bo", "name": "Bolivia", "continent": "south-america"},
  {"code": "ba", "name": "Bosnia and Herzegovina", "continent": "europe"},
  {"code": "bw", "name": "Botswana", "continent": "africa"},
  {"code": "br", "name": "Brazil", "continent": "south-america"},
  {"code": "bn", "name": "Brunei", "continent": "asia"},
  {"code": "bg", "name": "Bulgaria", "continent": "europe"},
  {"code": "bf", "name": "Burkina Faso", "continent": "africa"},
  {"code": "bi", "name": "Burundi", "continent": "africa"},
  {"code": "cv", "name": "Cabo Verde", "continent": "africa"},
  {"code": "kh", "name": "Cambodia", "continent": "asia"},
  {"code": "cm", "name": "Cameroon", "continent": "africa"},
  {"code": "ca", "name": "Canada", "continent": "north-america"},
  {"code": "cf", "name": "Central African Republic", "continent": "africa"},
  {"code": "td", "name": "Chad", "continent": "africa"},
  {"code": "cl", "name": "Chile", "continent": "south-america"},
  {"code": "cn", "name": "China", "continent": "asia"},
  {"code": "co", "name": "Colombia", "continent": "south-america"},
  {"code": "km", "name": "Comoros", "continent": "africa"},
  {"code": "cg", "name": "Congo", "continent": "africa"},
  {"code": "cd", "name": "Congo (DRC)", "continent": "africa"},
  {"code": "cr", "name": "Costa Rica", "continent": "north-america"},
  {"code": "ci", "name": "Côte d'Ivoire", "continent": "africa"},
  {"code": "hr", "name": "Croatia", "continent": "europe"},
  {"code": "cu", "name": "Cuba", "continent": "north-america"},
  {"code": "cy", "name": "Cyprus", "continent": "asia"},
  {"code": "cz", "name": "Czechia", "continent": "europe"},
  {"code": "dk", "name": "Denmark", "continent": "europe"},
  {"code": "dj", "name": "Djibouti", "continent": "africa"},
  {"code": "dm", "name": "Dominica", "continent": "north-america"},
  {"code": "do", "name": "Dominican Republic", "continent": "north-america"},
  {"code": "ec", "name": "Ecuador", "continent": "south-america"},
  {"code": "eg", "name": "Egypt", "continent": "africa"},
  {"code": "sv", "name": "El Salvador", "continent": "north-america"},
  {"code": "gq", "name": "Equatorial Guinea", "continent": "africa"},
  {"code": "er", "name": "Eritrea", "continent": "africa"},
  {"code": "ee", "name": "Estonia", "continent": "europe"},
  {"code": "sz", "name": "Eswatini", "continent": "africa"},
  {"code": "et", "name": "Ethiopia", "continent": "africa"},
  {"code": "fj", "name": "Fiji", "continent": "oceania"},
  {"code": "fi", "name": "Finland", "continent": "europe"},
  {"code": "fr", "name": "France", "continent": "europe"},
  {"code": "ga", "name": "Gabon", "continent": "africa"},
  {"code": "gm", "name": "Gambia", "continent": "africa"},
  {"code": "ge", "name": "Georgia", "continent": "asia"},
  {"code": "de", "name": "Germany", "continent": "europe"},
  {"code": "gh", "name": "Ghana", "continent": "africa"},
  {"code": "gr", "name": "Greece", "continent": "europe"},
  {"code": "gd", "name": "Grenada", "continent": "north-america"},
  {"code": "gt", "name": "Guatemala", "continent": "north-america"},
  {"code": "gn", "name": "Guinea", "continent": "africa"},
  {"code": "gw", "name": "Guinea-Bissau", "continent": "africa"},
  {"code": "gy", "name": "Guyana", "continent": "south-america"},
  {"code": "ht", "name": "Haiti", "continent": "north-america"},
  {"code": "hn", "name": "Honduras", "continent": "north-america"},
  {"code": "hu", "name": "Hungary", "continent": "europe"},
  {"code": "is", "name": "Iceland", "continent": "europe"},
  {"code": "in", "name": "India", "continent": "asia"},
  {"code": "ir", "name": "Iran", "continent": "asia"},
  {"code": "iq", "name": "Iraq", "continent": "asia"},
  {"code": "ie", "name": "Ireland", "continent": "europe"},
  {"code": "il", "name": "Israel", "continent": "asia"},
  {"code": "it", "name": "Italy", "continent": "europe"},
  {"code": "jm", "name": "Jamaica", "continent": "north-america"},
  {"code": "jp", "name": "Japan", "continent": "asia"},
  {"code": "jo", "name": "Jordan", "continent": "asia"},
  {"code": "kz", "name": "Kazakhstan", "continent": "asia"},
  {"code": "ke", "name": "Kenya", "continent": "africa"},
  {"code": "ki", "name": "Kiribati", "continent": "oceania"},
  {"code": "kw", "name": "Kuwait", "continent": "asia"},
  {"code": "kg", "name": "Kyrgyzstan", "continent": "asia"},
  {"code": "la", "name": "Laos", "continent": "asia"},
  {"code": "lv", "name": "Latvia", "continent": "europe"},
  {"code": "lb", "name": "Lebanon", "continent": "asia"},
  {"code": "ls", "name": "Lesotho", "continent": "africa"},
  {"code": "lr", "name": "Liberia", "continent": "africa"},
  {"code": "ly", "name": "Libya", "continent": "africa"},
  {"code": "li", "name": "Liechtenstein", "continent": "europe"},
  {"code": "lt", "name": "Lithuania", "continent": "europe"},
  {"code": "lu", "name": "Luxembourg", "continent": "europe"},
  {"code": "mg", "name": "Madagascar", "continent": "africa"},
  {"code": "mw", "name": "Malawi", "continent": "africa"},
  {"code": "my", "name": "Malaysia", "continent": "asia"},
  {"code": "mv", "name": "Maldives", "continent": "asia"},
  {"code": "ml", "name": "Mali", "continent": "africa"},
  {"code": "mt", "name": "Malta", "continent": "europe"},
  {"code": "mh", "name": "Marshall Islands", "continent": "oceania"},
  {"code": "mr", "name": "Mauritania", "continent": "africa"},
  {"code": "mu", "name": "Mauritius", "continent": "africa"},
  {"code": "mx", "name": "Mexico", "continent": "north-america"},
  {"code": "fm", "name": "Micronesia", "continent": "oceania"},
  {"code": "md", "name": "Moldova", "continent": "europe"},
  {"code": "mc", "name": "Monaco", "continent": "europe"},
  {"code": "mn", "name": "Mongolia", "continent": "asia"},
  {"code": "me", "name": "Montenegro", "continent": "europe"},
  {"code": "ma", "name": "Morocco", "continent": "africa"},
  {"code": "mz", "name": "Mozambique", "continent": "africa"},
  {"code": "mm", "name": "Myanmar", "continent": "asia"},
  {"code": "na", "name": "Namibia", "continent": "africa"},
  {"code": "nr", "name": "Nauru", "continent": "oceania"},
  {"code": "np", "name": "Nepal", "continent": "asia"},
  {"code": "nl", "name": "Netherlands", "continent": "europe"},
  {"code": "nz", "name": "New Zealand", "continent": "oceania"},
  {"code": "ni", "name": "Nicaragua", "continent": "north-america"},
  {"code": "ne", "name": "Niger", "continent": "africa"},
  {"code": "ng", "name": "Nigeria", "continent": "africa"},
  {"code": "no", "name": "Norway", "continent": "europe"},
  {"code": "om", "name": "Oman", "continent": "asia"},
  {"code": "pk", "name": "Pakistan", "continent": "asia"},
  {"code": "pw", "name": "Palau", "continent": "oceania"},
  {"code": "ps", "name": "Palestine", "continent": "asia"},
  {"code": "pa", "name": "Panama", "continent": "north-america"},
  {"code": "pg", "name": "Papua New Guinea", "continent": "oceania"},
  {"code": "py", "name": "Paraguay", "continent": "south-america"},
  {"code": "pe", "name": "Peru", "continent": "south-america"},
  {"code": "ph", "name": "Philippines", "continent": "asia"},
  {"code": "id", "name": "Indonesia", "continent": "asia"},
  {"code": "pl", "name": "Poland", "continent": "europe"},
  {"code": "pt", "name": "Portugal", "continent": "europe"},
  {"code": "qa", "name": "Qatar", "continent": "asia"},
  {"code": "ro", "name": "Romania", "continent": "europe"},
  {"code": "ru", "name": "Russia", "continent": "europe"},
  {"code": "rw", "name": "Rwanda", "continent": "africa"},
  {"code": "kn", "name": "Saint Kitts and Nevis", "continent": "north-america"},
  {"code": "lc", "name": "Saint Lucia", "continent": "north-america"},
  {"code": "vc", "name": "Saint Vincent and the Grenadines", "continent": "north-america"},
  {"code": "ws", "name": "Samoa", "continent": "oceania"},
  {"code": "sm", "name": "San Marino", "continent": "europe"},
  {"code": "st", "name": "Sao Tome and Principe", "continent": "africa"},
  {"code": "sa", "name": "Saudi Arabia", "continent": "asia"},
  {"code": "sn", "name": "Senegal", "continent": "africa"},
  {"code": "rs", "name": "Serbia", "continent": "europe"},
  {"code": "sc", "name": "Seychelles", "continent": "africa"},
  {"code": "sl", "name": "Sierra Leone", "continent": "africa"},
  {"code": "sg", "name": "Singapore", "continent": "asia"},
  {"code": "sk", "name": "Slovakia", "continent": "europe"},
  {"code": "si", "name": "Slovenia", "continent": "europe"},
  {"code": "sb", "name": "Solomon Islands", "continent": "oceania"},
  {"code": "so", "name": "Somalia", "continent": "africa"},
  {"code": "za", "name": "South Africa", "continent": "africa"},
  {"code": "kr", "name": "South Korea", "continent": "asia"},
  {"code": "ss", "name": "South Sudan", "continent": "africa"},
  {"code": "es", "name": "Spain", "continent": "europe"},
  {"code": "lk", "name": "Sri Lanka", "continent": "asia"},
  {"code": "sd", "name": "Sudan", "continent": "africa"},
  {"code": "sr", "name": "Suriname", "continent": "south-america"},
  {"code": "se", "name": "Sweden", "continent": "europe"},
  {"code": "ch", "name": "Switzerland", "continent": "europe"},
  {"code": "sy", "name": "Syria", "continent": "asia"},
  {"code": "tw", "name": "Taiwan", "continent": "asia"},
  {"code": "tj", "name": "Tajikistan", "continent": "asia"},
  {"code": "tz", "name": "Tanzania", "continent": "africa"},
  {"code": "th", "name": "Thailand", "continent": "asia"},
  {"code": "tl", "name": "Timor-Leste", "continent": "asia"},
  {"code": "tg", "name": "Togo", "continent": "africa"},
  {"code": "to", "name": "Tonga", "continent": "oceania"},
  {"code": "tt", "name": "Trinidad and Tobago", "continent": "north-america"},
  {"code": "tn", "name": "Tunisia", "continent": "africa"},
  {"code": "tr", "name": "Turkey", "continent": "asia"},
  {"code": "tm", "name": "Turkmenistan", "continent": "asia"},
  {"code": "tv", "name": "Tuvalu", "continent": "oceania"},
  {"code": "ug", "name": "Uganda", "continent": "africa"},
  {"code": "ua", "name": "Ukraine", "continent": "europe"},
  {"code": "ae", "name": "United Arab Emirates", "continent": "asia"},
  {"code": "gb", "name": "United Kingdom", "continent": "europe"},
  {"code": "us", "name": "United States", "continent": "north-america"},
  {"code": "uy", "name": "Uruguay", "continent": "south-america"},
  {"code": "uz", "name": "Uzbekistan", "continent": "asia"},
  {"code": "vu", "name": "Vanuatu", "continent": "oceania"},
  {"code": "va", "name": "Vatican City", "continent": "europe"},
  {"code": "ve", "name": "Venezuela", "continent": "south-america"},
  {"code": "vn", "name": "Vietnam", "continent": "asia"},
  {"code": "ye", "name": "Yemen", "continent": "asia"},
  {"code": "zm", "name": "Zambia", "continent": "africa"},
  {"code": "zw", "name": "Zimbabwe", "continent": "africa"}
]
